Wall time,Step,Value
1723857820.660005,0,0.9850000143051147
1723858166.528796,1,0.9923333525657654
1723858511.454717,2,0.9913333058357239
1723858857.13106,3,0.9943333268165588
1723859204.166432,4,0.9926666617393494
1723859561.202482,5,0.996999979019165
1723859911.708936,6,0.9959999918937683
1723860262.604334,7,0.996666669845581
1723860613.960892,8,0.996666669845581
1723860965.853412,9,0.9956666827201843
