Wall time,Step,Value
1723857820.660598,0,0.06933047622442245
1723858166.529343,1,0.03842177242040634
1723858511.455259,2,0.030180038884282112
1723858857.131712,3,0.021456578746438026
1723859204.167268,4,0.021667424589395523
1723859561.20305,5,0.014146659523248672
1723859911.70954,6,0.01375471893697977
1723860262.604923,7,0.011764999479055405
1723860613.96147,8,0.010837474837899208
1723860965.854025,9,0.011453244835138321
