Wall time,Step,Value
1723841170.996121,0,0.987333357334137
1723842784.639762,1,0.9923333525657654
1723844394.767291,2,0.9936666488647461
1723846002.303867,3,0.9950000047683716
1723847609.194176,4,0.9956666827201843
1723849210.891127,5,0.9953333139419556
1723850811.655706,6,0.9950000047683716
1723852414.283472,7,0.9946666955947876
1723854010.985604,8,0.9946666955947876
1723855612.379367,9,0.9956666827201843
