Wall time,Step,Value
1723834307.207511,0,0.030855027958750725
1723834830.716048,1,0.014008508063852787
1723835352.696192,2,0.008970552124083042
1723835874.675102,3,0.007245443295687437
1723836396.536458,4,0.0053826323710381985
1723836919.053938,5,0.004115581046789885
1723837441.234175,6,0.0050979736261069775
1723837966.201929,7,0.003661953378468752
1723838488.74896,8,0.004328219685703516
1723839011.182126,9,0.004753421992063522
