Wall time,Step,Value
1723861217.29485,0,0.051174819469451904
1723861340.464555,1,0.024202309548854828
1723861464.277303,2,0.015298969112336636
1723861587.912285,3,0.010561998002231121
1723861711.21274,4,0.008934724144637585
1723861834.599825,5,0.007130640093237162
1723861958.032706,6,0.006631303112953901
1723862081.49548,7,0.006174162961542606
1723862205.308706,8,0.005095541477203369
1723862329.169017,9,0.0053984541445970535
