Wall time,Step,Value
1723834307.206937,0,0.9923333525657654
1723834830.715502,1,0.996666669845581
1723835352.695644,2,0.9973333477973938
1723835874.674534,3,0.9980000257492065
1723836396.535825,4,0.9986666440963745
1723836919.053379,5,0.9993333220481873
1723837441.233627,6,0.9986666440963745
1723837966.201366,7,0.9990000128746033
1723838488.748408,8,0.9990000128746033
1723839011.181589,9,0.9986666440963745
