Wall time,Step,Value
1723861217.294313,0,0.9929999709129333
1723861340.463986,1,0.9963333606719971
1723861464.276743,2,0.996999979019165
1723861587.911706,3,0.9976666569709778
1723861711.212209,4,0.9976666569709778
1723861834.599257,5,0.9980000257492065
1723861958.032136,6,0.9973333477973938
1723862081.494901,7,0.9973333477973938
1723862205.308168,8,0.9983333349227905
1723862329.168457,9,0.9980000257492065
