Wall time,Step,Value
1723841170.996691,0,0.05907313525676727
1723842784.640341,1,0.036016933619976044
1723844394.767898,2,0.025738874450325966
1723846002.304525,3,0.022995105013251305
1723847609.194747,4,0.020288553088903427
1723849210.891697,5,0.01928257942199707
1723850811.656315,6,0.01900830678641796
1723852414.284012,7,0.0196289774030447
1723854010.986151,8,0.018139787018299103
1723855612.379921,9,0.01730712689459324
